{
  "MacroRecall_majority": 0.3298124256860245,
  "MicroAccuracy_majority": 0.5732484076433121,
  "ARI_majority": 0.4274003528306003,
  "NMI_majority": 0.3845439175611369
}