{
  "MacroRecall_majority": 0.26385971630567673,
  "MicroAccuracy_majority": 0.3740813765907869,
  "ARI_majority": 0.1717444732883037,
  "NMI_majority": 0.2004496812969094
}