{
  "SOM_shape": [
    10,
    10
  ],
  "Final_mean_S1": 68.58219909667969,
  "metrics_only_base": {
    "MacroRecall_majority": 0.3298124256860245,
    "MicroAccuracy_majority": 0.5732484076433121,
    "ARI_majority": 0.4274003528306003,
    "NMI_majority": 0.3845439175611369
  },
  "metrics_multi_label": {
    "MacroRecall_majority": 0.26385971630567673,
    "MicroAccuracy_majority": 0.3740813765907869,
    "ARI_majority": 0.1717444732883037,
    "NMI_majority": 0.2004496812969094
  }
}